arm,alpha,unit,density_run,beam,algo,beam_IoU,exact_IoU,beam_cov,exact_cov,no_solution,same_mask,beam_visited,exact_visited,beam_expanded,exact_expanded,beam_time_s,exact_time_s,beam_halted,exact_halted,beam_formula,exact_formula
trained,0.2,unit88,0.12856,5,beam_optimal,0.2545,0.2522,0.0855,0.1417,0,0,68,398,15,434,0.02,0.48,no,no,((dep=nsubj OR dep=ROOT) AND const=NP),((tag=NN OR dep=nsubj) AND (NOT const=PP))
trained,0.2,unit88,0.12856,10,beam_optimal,0.2545,0.2522,0.0855,0.1417,0,0,93,398,24,434,0.02,0.48,no,no,((dep=nsubj OR dep=ROOT) AND const=NP),((tag=NN OR dep=nsubj) AND (NOT const=PP))
trained,0.2,unit88,0.12856,25,beam_optimal,0.2545,0.2522,0.0855,0.1417,0,0,182,398,38,434,0.05,0.48,no,no,((dep=nsubj OR dep=ROOT) AND const=NP),((tag=NN OR dep=nsubj) AND (NOT const=PP))
trained,0.2,unit88,0.12856,50,beam_optimal,0.2545,0.2522,0.0855,0.1417,0,0,306,398,62,434,0.08,0.48,no,no,((dep=nsubj OR dep=ROOT) AND const=NP),((tag=NN OR dep=nsubj) AND (NOT const=PP))
trained,0.2,unit88,0.12856,100,beam_optimal,0.2545,0.2522,0.0855,0.1417,0,0,476,398,110,434,0.16,0.48,no,no,((dep=nsubj OR dep=ROOT) AND const=NP),((tag=NN OR dep=nsubj) AND (NOT const=PP))
trained,0.2,unit88,0.12856,200,beam_optimal,0.2545,0.2522,0.0855,0.1417,0,0,561,398,205,434,0.27,0.48,no,no,((dep=nsubj OR dep=ROOT) AND const=NP),((tag=NN OR dep=nsubj) AND (NOT const=PP))
trained,0.2,unit92,0.19993,5,beam_optimal,0.2578,0.2578,0.4041,0.4041,0,1,121,506,15,437,0.02,0.98,no,no,((const=PP OR lemma=.) AND (NOT tag=DT)),((const=PP AND (NOT tag=DT)) OR lemma=.)
trained,0.2,unit92,0.19993,10,beam_optimal,0.2578,0.2578,0.4041,0.4041,0,1,204,506,23,437,0.03,0.98,no,no,((const=PP OR lemma=.) AND (NOT tag=DT)),((const=PP AND (NOT tag=DT)) OR lemma=.)
trained,0.2,unit92,0.19993,25,beam_optimal,0.2578,0.2578,0.4041,0.4041,0,1,354,506,38,437,0.06,0.98,no,no,((const=PP OR lemma=.) AND (NOT tag=DT)),((const=PP AND (NOT tag=DT)) OR lemma=.)
trained,0.2,unit92,0.19993,50,beam_optimal,0.2578,0.2578,0.4041,0.4041,0,1,509,506,61,437,0.1,0.98,no,no,((const=PP OR lemma=.) AND (NOT tag=DT)),((const=PP AND (NOT tag=DT)) OR lemma=.)
trained,0.2,unit92,0.19993,100,beam_optimal,0.2578,0.2578,0.4041,0.4041,0,1,724,506,108,437,0.17,0.98,no,no,((const=PP OR lemma=.) AND (NOT tag=DT)),((const=PP AND (NOT tag=DT)) OR lemma=.)
trained,0.2,unit92,0.19993,200,beam_optimal,0.2578,0.2578,0.4041,0.4041,0,1,831,506,202,437,0.28,0.98,no,no,((const=PP OR lemma=.) AND (NOT tag=DT)),((const=PP AND (NOT tag=DT)) OR lemma=.)
trained,0.2,unit413,0.20001,5,beam_optimal,0.4689,0.4689,0.2281,0.2281,0,1,30,65,15,260,0.08,0.12,no,no,((const=NP AND (NOT const=PP)) AND (NOT const=VP)),((const=NP AND (NOT const=VP)) AND (NOT const=PP))
trained,0.2,unit413,0.20001,10,beam_optimal,0.4689,0.4689,0.2281,0.2281,0,1,64,65,24,260,0.03,0.12,no,no,((const=NP AND (NOT const=PP)) AND (NOT const=VP)),((const=NP AND (NOT const=VP)) AND (NOT const=PP))
trained,0.2,unit413,0.20001,25,beam_optimal,0.4689,0.4689,0.2281,0.2281,0,1,89,65,38,260,0.05,0.12,no,no,((const=NP AND (NOT const=PP)) AND (NOT const=VP)),((const=NP AND (NOT const=VP)) AND (NOT const=PP))
trained,0.2,unit413,0.20001,50,beam_optimal,0.4689,0.4689,0.2281,0.2281,0,1,127,65,62,260,0.08,0.12,no,no,((const=NP AND (NOT const=PP)) AND (NOT const=VP)),((const=NP AND (NOT const=VP)) AND (NOT const=PP))
trained,0.2,unit413,0.20001,100,beam_optimal,0.4689,0.4689,0.2281,0.2281,0,1,156,65,107,260,0.13,0.12,no,no,((const=NP AND (NOT const=PP)) AND (NOT const=VP)),((const=NP AND (NOT const=VP)) AND (NOT const=PP))
trained,0.2,unit413,0.20001,200,beam_optimal,0.4689,0.4689,0.2281,0.2281,0,1,266,65,202,260,0.24,0.12,no,no,((const=NP AND (NOT const=PP)) AND (NOT const=VP)),((const=NP AND (NOT const=VP)) AND (NOT const=PP))
trained,0.1,unit88,0.09095,5,beam_optimal,0.177,0.1816,0.0855,0.2386,0,0,70,419,15,486,0.02,0.53,no,no,((dep=nsubj OR dep=ROOT) AND const=NP),((const=NP AND (NOT const=PP)) AND (NOT tag=DT))
trained,0.1,unit88,0.09095,10,beam_optimal,0.177,0.1816,0.0855,0.2386,0,0,112,419,24,486,0.02,0.53,no,no,((dep=nsubj OR dep=ROOT) AND const=NP),((const=NP AND (NOT const=PP)) AND (NOT tag=DT))
trained,0.1,unit88,0.09095,25,beam_optimal,0.1816,0.1816,0.2386,0.2386,0,1,233,419,38,486,0.05,0.53,no,no,((const=NP AND (NOT const=PP)) AND (NOT tag=DT)),((const=NP AND (NOT const=PP)) AND (NOT tag=DT))
trained,0.1,unit88,0.09095,50,beam_optimal,0.1816,0.1816,0.2386,0.2386,0,1,340,419,62,486,0.08,0.53,no,no,((const=NP AND (NOT const=PP)) AND (NOT tag=DT)),((const=NP AND (NOT const=PP)) AND (NOT tag=DT))
trained,0.1,unit88,0.09095,100,beam_optimal,0.1816,0.1816,0.2386,0.2386,0,1,534,419,110,486,0.15,0.53,no,no,((const=NP AND (NOT const=PP)) AND (NOT tag=DT)),((const=NP AND (NOT const=PP)) AND (NOT tag=DT))
trained,0.1,unit88,0.09095,200,beam_optimal,0.1816,0.1816,0.2386,0.2386,0,1,689,419,205,486,0.26,0.53,no,no,((const=NP AND (NOT const=PP)) AND (NOT tag=DT)),((const=NP AND (NOT const=PP)) AND (NOT tag=DT))
trained,0.1,unit92,0.1,5,beam_optimal,0.1593,0.1593,0.1938,0.1938,0,1,140,677,15,471,0.02,1.12,no,no,(dep=pobj OR lemma=.),(dep=pobj OR lemma=.)
trained,0.1,unit92,0.1,10,beam_optimal,0.1593,0.1593,0.1938,0.1938,0,1,228,677,23,471,0.03,1.12,no,no,(dep=pobj OR lemma=.),(dep=pobj OR lemma=.)
trained,0.1,unit92,0.1,25,beam_optimal,0.1593,0.1593,0.1938,0.1938,0,1,386,677,37,471,0.06,1.12,no,no,(dep=pobj OR lemma=.),(dep=pobj OR lemma=.)
trained,0.1,unit92,0.1,50,beam_optimal,0.1593,0.1593,0.1938,0.1938,0,1,594,677,59,471,0.09,1.12,no,no,(dep=pobj OR lemma=.),(dep=pobj OR lemma=.)
trained,0.1,unit92,0.1,100,beam_optimal,0.1593,0.1593,0.1938,0.1938,0,1,897,677,107,471,0.17,1.12,no,no,(dep=pobj OR lemma=.),(dep=pobj OR lemma=.)
trained,0.1,unit92,0.1,200,beam_optimal,0.1593,0.1593,0.1938,0.1938,0,1,1125,677,202,471,0.28,1.12,no,no,(dep=pobj OR lemma=.),(dep=pobj OR lemma=.)
trained,0.1,unit396,0.09546,5,beam_optimal,0.1453,0.1453,0.2468,0.2468,0,1,165,717,15,443,0.03,1.25,no,no,((const=PP AND (NOT lemma=a)) AND (NOT tag=IN)),((const=PP AND (NOT tag=IN)) AND (NOT lemma=a))
trained,0.1,unit396,0.09546,10,beam_optimal,0.1453,0.1453,0.2468,0.2468,0,1,281,717,22,443,0.04,1.25,no,no,((const=PP AND (NOT synset=angstrom.n.01)) AND (NOT tag=IN)),((const=PP AND (NOT tag=IN)) AND (NOT lemma=a))
trained,0.1,unit396,0.09546,25,beam_optimal,0.1453,0.1453,0.2468,0.2468,0,1,434,717,36,443,0.06,1.25,no,no,((const=PP AND (NOT synset=angstrom.n.01)) AND (NOT tag=IN)),((const=PP AND (NOT tag=IN)) AND (NOT lemma=a))
trained,0.1,unit396,0.09546,50,beam_optimal,0.1453,0.1453,0.2468,0.2468,0,1,568,717,60,443,0.1,1.25,no,no,((const=PP AND (NOT synset=angstrom.n.01)) AND (NOT tag=IN)),((const=PP AND (NOT tag=IN)) AND (NOT lemma=a))
trained,0.1,unit396,0.09546,100,beam_optimal,0.1453,0.1453,0.2468,0.2468,0,1,835,717,107,443,0.23,1.25,no,no,((const=PP AND (NOT synset=angstrom.n.01)) AND (NOT tag=IN)),((const=PP AND (NOT tag=IN)) AND (NOT lemma=a))
trained,0.1,unit396,0.09546,200,beam_optimal,0.1453,0.1453,0.2468,0.2468,0,1,989,717,200,443,0.26,1.25,no,no,((const=PP AND (NOT synset=angstrom.n.01)) AND (NOT tag=IN)),((const=PP AND (NOT tag=IN)) AND (NOT lemma=a))
trained,0.1,unit413,0.02612,5,beam_optimal,0.0952,0.0952,0.077,0.077,0,1,65,340,15,319,0.02,0.41,no,no,((tag=NN AND (NOT const=VP)) AND (NOT const=PP)),((tag=NN AND (NOT const=VP)) AND (NOT const=PP))
trained,0.1,unit413,0.02612,10,beam_optimal,0.0952,0.0952,0.077,0.077,0,1,105,340,20,319,0.02,0.41,no,no,((tag=NN AND (NOT const=VP)) AND (NOT const=PP)),((tag=NN AND (NOT const=VP)) AND (NOT const=PP))
trained,0.1,unit413,0.02612,25,beam_optimal,0.0952,0.0952,0.077,0.077,0,1,208,340,34,319,0.04,0.41,no,no,((tag=NN AND (NOT const=VP)) AND (NOT const=PP)),((tag=NN AND (NOT const=VP)) AND (NOT const=PP))
trained,0.1,unit413,0.02612,50,beam_optimal,0.0952,0.0952,0.077,0.077,0,1,322,340,57,319,0.08,0.41,no,no,((tag=NN AND (NOT const=VP)) AND (NOT const=PP)),((tag=NN AND (NOT const=VP)) AND (NOT const=PP))
trained,0.1,unit413,0.02612,100,beam_optimal,0.0952,0.0952,0.077,0.077,0,1,541,340,106,319,0.15,0.41,no,no,((tag=NN AND (NOT const=VP)) AND (NOT const=PP)),((tag=NN AND (NOT const=VP)) AND (NOT const=PP))
trained,0.1,unit413,0.02612,200,beam_optimal,0.0952,0.0952,0.077,0.077,0,1,757,340,200,319,0.26,0.41,no,no,((tag=NN AND (NOT const=VP)) AND (NOT const=PP)),((tag=NN AND (NOT const=VP)) AND (NOT const=PP))
trained,0.1,unit510,0.09996,5,beam_optimal,0.1477,0.1575,0.1996,0.1649,0,0,186,866,15,608,0.02,2.11,no,no,((dep=punct OR synset=angstrom.n.01) AND (NOT tag=IN)),((const=PP AND tag=DT) OR dep=punct)
trained,0.1,unit510,0.09996,10,beam_optimal,0.1477,0.1575,0.1996,0.1649,0,0,311,866,25,608,0.04,2.11,no,no,((dep=punct OR lemma=a) AND (NOT tag=IN)),((const=PP AND tag=DT) OR dep=punct)
trained,0.1,unit510,0.09996,25,beam_optimal,0.1575,0.1575,0.1649,0.1649,0,1,466,866,39,608,0.06,2.11,no,no,((tag=DT AND const=PP) OR dep=punct),((const=PP AND tag=DT) OR dep=punct)
trained,0.1,unit510,0.09996,50,beam_optimal,0.1575,0.1575,0.1649,0.1649,0,1,707,866,60,608,0.1,2.11,no,no,((tag=DT AND const=PP) OR dep=punct),((const=PP AND tag=DT) OR dep=punct)
trained,0.1,unit510,0.09996,100,beam_optimal,0.1575,0.1575,0.1649,0.1649,0,1,1107,866,107,608,0.18,2.11,no,no,((tag=DT AND const=PP) OR dep=punct),((const=PP AND tag=DT) OR dep=punct)
trained,0.1,unit510,0.09996,200,beam_optimal,0.1575,0.1575,0.1649,0.1649,0,1,1765,866,204,608,0.32,2.11,no,no,((tag=DT AND const=PP) OR dep=punct),((const=PP AND tag=DT) OR dep=punct)
trained,0.05,unit86,0.03645,5,beam_optimal,0.2068,0.2068,0.0501,0.0501,0,1,43,203,15,319,0.02,0.27,no,no,((dep=nsubj AND tag=NN) AND const=NP),((const=NP AND tag=NN) AND dep=nsubj)
trained,0.05,unit86,0.03645,10,beam_optimal,0.2166,0.2068,0.061,0.0501,0,0,83,203,22,319,0.02,0.27,no,no,((dep=nsubj OR dep=ROOT) AND tag=NN),((const=NP AND tag=NN) AND dep=nsubj)
trained,0.05,unit86,0.03645,25,beam_optimal,0.2166,0.2068,0.061,0.0501,0,0,190,203,36,319,0.04,0.27,no,no,((dep=nsubj OR dep=ROOT) AND tag=NN),((const=NP AND tag=NN) AND dep=nsubj)
trained,0.05,unit86,0.03645,50,beam_optimal,0.2166,0.2068,0.061,0.0501,0,0,284,203,60,319,0.08,0.27,no,no,((dep=nsubj OR dep=ROOT) AND tag=NN),((const=NP AND tag=NN) AND dep=nsubj)
trained,0.05,unit86,0.03645,100,beam_optimal,0.2166,0.2068,0.061,0.0501,0,0,407,203,108,319,0.2,0.27,no,no,((dep=nsubj OR dep=ROOT) AND tag=NN),((const=NP AND tag=NN) AND dep=nsubj)
trained,0.05,unit86,0.03645,200,beam_optimal,0.2166,0.2068,0.061,0.0501,0,0,503,203,201,319,0.24,0.27,no,no,((dep=nsubj OR dep=ROOT) AND tag=NN),((const=NP AND tag=NN) AND dep=nsubj)
trained,0.05,unit87,0.04996,5,beam_optimal,0.0715,0.0721,0.1327,0.1517,0,0,206,1795,15,713,0.03,5.78,no,no,((dep=punct OR dep=prep) AND (NOT const=NP)),((dep=prep AND (NOT const=NP)) OR dep=punct)
trained,0.05,unit87,0.04996,10,beam_optimal,0.0715,0.0721,0.1327,0.1517,0,0,294,1795,24,713,0.04,5.78,no,no,((dep=punct OR dep=prep) AND (NOT const=NP)),((dep=prep AND (NOT const=NP)) OR dep=punct)
trained,0.05,unit87,0.04996,25,beam_optimal,0.0715,0.0721,0.1327,0.1517,0,0,640,1795,38,713,0.07,5.78,no,no,((dep=punct OR dep=prep) AND (NOT const=NP)),((dep=prep AND (NOT const=NP)) OR dep=punct)
trained,0.05,unit87,0.04996,50,beam_optimal,0.0715,0.0721,0.1327,0.1517,0,0,1075,1795,63,713,0.12,5.78,no,no,((dep=punct OR dep=prep) AND (NOT const=NP)),((dep=prep AND (NOT const=NP)) OR dep=punct)
trained,0.05,unit87,0.04996,100,beam_optimal,0.0721,0.0721,0.1517,0.1517,0,1,1671,1795,109,713,0.2,5.78,no,no,((dep=prep AND (NOT const=NP)) OR dep=punct),((dep=prep AND (NOT const=NP)) OR dep=punct)
trained,0.05,unit87,0.04996,200,beam_optimal,0.0721,0.0721,0.1517,0.1517,0,1,2643,1795,202,713,0.34,5.78,no,no,((dep=prep AND (NOT const=NP)) OR dep=punct),((dep=prep AND (NOT const=NP)) OR dep=punct)
trained,0.05,unit91,0.05,5,beam_optimal,0.1095,0.1095,0.1527,0.1527,0,1,87,556,15,432,0.02,0.83,no,no,((dep=nsubj AND const=NP) OR dep=ROOT),((const=NP AND dep=nsubj) OR dep=ROOT)
trained,0.05,unit91,0.05,10,beam_optimal,0.1095,0.1095,0.1527,0.1527,0,1,135,556,21,432,0.03,0.83,no,no,((dep=nsubj AND const=NP) OR dep=ROOT),((const=NP AND dep=nsubj) OR dep=ROOT)
trained,0.05,unit91,0.05,25,beam_optimal,0.1095,0.1095,0.1527,0.1527,0,1,252,556,34,432,0.04,0.83,no,no,((dep=nsubj AND const=NP) OR dep=ROOT),((const=NP AND dep=nsubj) OR dep=ROOT)
trained,0.05,unit91,0.05,50,beam_optimal,0.1095,0.1095,0.1527,0.1527,0,1,441,556,59,432,0.09,0.83,no,no,((dep=nsubj AND const=NP) OR dep=ROOT),((const=NP AND dep=nsubj) OR dep=ROOT)
trained,0.05,unit91,0.05,100,beam_optimal,0.1095,0.1095,0.1527,0.1527,0,1,691,556,106,432,0.16,0.83,no,no,((dep=nsubj AND const=NP) OR dep=ROOT),((const=NP AND dep=nsubj) OR dep=ROOT)
trained,0.05,unit91,0.05,200,beam_optimal,0.1095,0.1095,0.1527,0.1527,0,1,968,556,200,432,0.33,0.83,no,no,((dep=nsubj AND const=NP) OR dep=ROOT),((const=NP AND dep=nsubj) OR dep=ROOT)
trained,0.05,unit395,0.04992,5,beam_optimal,0.0888,0.0954,0.1345,0.2495,0,0,86,585,15,477,0.02,1.04,no,no,((dep=nsubj AND tag=NN) OR dep=ROOT),((const=NP AND (NOT const=VP)) AND (NOT tag=DT))
trained,0.05,unit395,0.04992,10,beam_optimal,0.0954,0.0954,0.2495,0.2495,0,1,136,585,22,477,0.03,1.04,no,no,((const=NP AND (NOT const=VP)) AND (NOT tag=DT)),((const=NP AND (NOT const=VP)) AND (NOT tag=DT))
trained,0.05,unit395,0.04992,25,beam_optimal,0.0954,0.0954,0.2495,0.2495,0,1,284,585,36,477,0.05,1.04,no,no,((const=NP AND (NOT const=VP)) AND (NOT tag=DT)),((const=NP AND (NOT const=VP)) AND (NOT tag=DT))
trained,0.05,unit395,0.04992,50,beam_optimal,0.0954,0.0954,0.2495,0.2495,0,1,405,585,59,477,0.08,1.04,no,no,((const=NP AND (NOT const=VP)) AND (NOT tag=DT)),((const=NP AND (NOT const=VP)) AND (NOT tag=DT))
trained,0.05,unit395,0.04992,100,beam_optimal,0.0954,0.0954,0.2495,0.2495,0,1,703,585,108,477,0.16,1.04,no,no,((const=NP AND (NOT const=VP)) AND (NOT tag=DT)),((const=NP AND (NOT const=VP)) AND (NOT tag=DT))
trained,0.05,unit395,0.04992,200,beam_optimal,0.0954,0.0954,0.2495,0.2495,0,1,942,585,200,477,0.26,1.04,no,no,((const=NP AND (NOT const=VP)) AND (NOT tag=DT)),((const=NP AND (NOT const=VP)) AND (NOT tag=DT))
trained,0.05,unit412,0.04992,5,beam_optimal,0.0981,0.0981,0.1037,0.1037,0,1,90,575,14,465,0.02,0.88,no,no,((lemma=. OR tag=IN) AND (NOT const=VP)),((tag=IN AND (NOT const=VP)) OR lemma=.)
trained,0.05,unit412,0.04992,10,beam_optimal,0.0981,0.0981,0.1037,0.1037,0,1,116,575,21,465,0.02,0.88,no,no,((lemma=. OR tag=IN) AND (NOT const=VP)),((tag=IN AND (NOT const=VP)) OR lemma=.)
trained,0.05,unit412,0.04992,25,beam_optimal,0.0981,0.0981,0.1037,0.1037,0,1,238,575,34,465,0.04,0.88,no,no,((lemma=. OR tag=IN) AND (NOT const=VP)),((tag=IN AND (NOT const=VP)) OR lemma=.)
trained,0.05,unit412,0.04992,50,beam_optimal,0.0981,0.0981,0.1037,0.1037,0,1,468,575,59,465,0.08,0.88,no,no,((lemma=. OR tag=IN) AND (NOT const=VP)),((tag=IN AND (NOT const=VP)) OR lemma=.)
trained,0.05,unit412,0.04992,100,beam_optimal,0.0981,0.0981,0.1037,0.1037,0,1,753,575,107,465,0.16,0.88,no,no,((lemma=. OR tag=IN) AND (NOT const=VP)),((tag=IN AND (NOT const=VP)) OR lemma=.)
trained,0.05,unit412,0.04992,200,beam_optimal,0.0981,0.0981,0.1037,0.1037,0,1,970,575,201,465,0.26,0.88,no,no,((lemma=. OR tag=IN) AND (NOT const=VP)),((tag=IN AND (NOT const=VP)) OR lemma=.)
untrained,0.2,unit88,0.19997,5,beam_optimal,0.2338,0.2388,0.6217,0.7832,0,0,171,717,15,497,0.03,1.39,no,no,((const=NP AND (NOT lemma=a)) OR dep=ROOT),((const=NP OR const=VP) AND (NOT lemma=a))
untrained,0.2,unit88,0.19997,10,beam_optimal,0.2388,0.2388,0.7832,0.7832,0,1,248,717,25,497,0.04,1.39,no,no,((const=VP OR const=NP) AND (NOT lemma=a)),((const=NP OR const=VP) AND (NOT lemma=a))
untrained,0.2,unit88,0.19997,25,beam_optimal,0.2388,0.2388,0.7832,0.7832,0,1,388,717,39,497,0.07,1.39,no,no,((const=VP OR const=NP) AND (NOT lemma=a)),((const=NP OR const=VP) AND (NOT lemma=a))
untrained,0.2,unit88,0.19997,50,beam_optimal,0.2388,0.2388,0.7832,0.7832,0,1,523,717,62,497,0.11,1.39,no,no,((const=VP OR const=NP) AND (NOT lemma=a)),((const=NP OR const=VP) AND (NOT lemma=a))
untrained,0.2,unit88,0.19997,100,beam_optimal,0.2388,0.2388,0.7832,0.7832,0,1,779,717,111,497,0.18,1.39,no,no,((const=VP OR const=NP) AND (NOT lemma=a)),((const=NP OR const=VP) AND (NOT lemma=a))
untrained,0.2,unit88,0.19997,200,beam_optimal,0.2388,0.2388,0.7832,0.7832,0,1,899,717,204,497,0.34,1.39,no,no,((const=VP OR const=NP) AND (NOT lemma=a)),((const=NP OR const=VP) AND (NOT lemma=a))
untrained,0.2,unit92,0.19993,5,beam_optimal,0.2721,0.28,0.142,0.149,0,0,96,291,15,503,0.02,0.48,no,no,((dep=punct OR synset=angstrom.n.01) AND (NOT const=VP)),((lemma=a AND (NOT const=VP)) OR dep=punct)
untrained,0.2,unit92,0.19993,10,beam_optimal,0.2721,0.28,0.142,0.149,0,0,155,291,25,503,0.03,0.48,no,no,((dep=punct OR synset=angstrom.n.01) AND (NOT const=VP)),((lemma=a AND (NOT const=VP)) OR dep=punct)
untrained,0.2,unit92,0.19993,25,beam_optimal,0.2721,0.28,0.142,0.149,0,0,263,291,39,503,0.06,0.48,no,no,((dep=punct OR synset=angstrom.n.01) AND (NOT const=VP)),((lemma=a AND (NOT const=VP)) OR dep=punct)
untrained,0.2,unit92,0.19993,50,beam_optimal,0.28,0.28,0.149,0.149,0,1,357,291,64,503,0.09,0.48,no,no,((lemma=a AND (NOT const=VP)) OR dep=punct),((lemma=a AND (NOT const=VP)) OR dep=punct)
untrained,0.2,unit92,0.19993,100,beam_optimal,0.28,0.28,0.149,0.149,0,1,433,291,110,503,0.14,0.48,no,no,((lemma=a AND (NOT const=VP)) OR dep=punct),((lemma=a AND (NOT const=VP)) OR dep=punct)
untrained,0.2,unit92,0.19993,200,beam_optimal,0.28,0.28,0.149,0.149,0,1,526,291,203,503,0.25,0.48,no,no,((lemma=a AND (NOT const=VP)) OR dep=punct),((lemma=a AND (NOT const=VP)) OR dep=punct)
untrained,0.2,unit396,0.20001,5,beam_optimal,0.2518,0.2518,0.1391,0.1391,0,1,144,821,15,544,0.02,1.81,no,no,((lemma=a OR lemma=.) AND (NOT const=PP)),((lemma=a AND (NOT const=PP)) OR lemma=.)
untrained,0.2,unit396,0.20001,10,beam_optimal,0.2518,0.2518,0.1391,0.1391,0,1,229,821,25,544,0.04,1.81,no,no,((synset=angstrom.n.01 OR lemma=.) AND (NOT const=PP)),((lemma=a AND (NOT const=PP)) OR lemma=.)
untrained,0.2,unit396,0.20001,25,beam_optimal,0.2518,0.2518,0.1391,0.1391,0,1,413,821,39,544,0.06,1.81,no,no,((synset=angstrom.n.01 OR lemma=.) AND (NOT const=PP)),((lemma=a AND (NOT const=PP)) OR lemma=.)
untrained,0.2,unit396,0.20001,50,beam_optimal,0.2518,0.2518,0.1391,0.1391,0,1,586,821,62,544,0.09,1.81,no,no,((synset=angstrom.n.01 OR lemma=.) AND (NOT const=PP)),((lemma=a AND (NOT const=PP)) OR lemma=.)
untrained,0.2,unit396,0.20001,100,beam_optimal,0.2518,0.2518,0.1391,0.1391,0,1,929,821,110,544,0.16,1.81,no,no,((synset=angstrom.n.01 OR lemma=.) AND (NOT const=PP)),((lemma=a AND (NOT const=PP)) OR lemma=.)
untrained,0.2,unit396,0.20001,200,beam_optimal,0.2518,0.2518,0.1391,0.1391,0,1,1152,821,203,544,0.29,1.81,no,no,((lemma=a OR lemma=.) AND (NOT const=PP)),((lemma=a AND (NOT const=PP)) OR lemma=.)
untrained,0.2,unit510,0.20001,5,beam_optimal,0.2713,0.2713,0.3307,0.3307,0,1,97,350,15,490,0.02,0.55,no,no,((lemma=. OR tag=NN) OR dep=nsubj),((tag=NN OR dep=nsubj) OR lemma=.)
untrained,0.2,unit510,0.20001,10,beam_optimal,0.2713,0.2713,0.3307,0.3307,0,1,118,350,24,490,0.03,0.55,no,no,((lemma=. OR tag=NN) OR dep=nsubj),((tag=NN OR dep=nsubj) OR lemma=.)
untrained,0.2,unit510,0.20001,25,beam_optimal,0.2713,0.2713,0.3307,0.3307,0,1,202,350,38,490,0.04,0.55,no,no,((lemma=. OR tag=NN) OR dep=nsubj),((tag=NN OR dep=nsubj) OR lemma=.)
untrained,0.2,unit510,0.20001,50,beam_optimal,0.2713,0.2713,0.3307,0.3307,0,1,327,350,62,490,0.09,0.55,no,no,((lemma=. OR tag=NN) OR dep=nsubj),((tag=NN OR dep=nsubj) OR lemma=.)
untrained,0.2,unit510,0.20001,100,beam_optimal,0.2713,0.2713,0.3307,0.3307,0,1,454,350,109,490,0.22,0.55,no,no,((lemma=. OR tag=NN) OR dep=nsubj),((tag=NN OR dep=nsubj) OR lemma=.)
untrained,0.2,unit510,0.20001,200,beam_optimal,0.2713,0.2713,0.3307,0.3307,0,1,574,350,202,490,0.27,0.55,no,no,((lemma=. OR tag=NN) OR dep=nsubj),((tag=NN OR dep=nsubj) OR lemma=.)
untrained,0.1,unit88,0.1,5,beam_optimal,0.1353,0.1353,0.2118,0.2118,0,1,181,1127,15,477,0.03,2.09,no,no,((const=PP AND (NOT dep=det)) AND (NOT dep=prep)),((const=PP AND (NOT tag=DT)) AND (NOT dep=prep))
untrained,0.1,unit88,0.1,10,beam_optimal,0.1353,0.1353,0.2118,0.2118,0,1,283,1127,23,477,0.04,2.09,no,no,((const=PP AND (NOT dep=det)) AND (NOT dep=prep)),((const=PP AND (NOT tag=DT)) AND (NOT dep=prep))
untrained,0.1,unit88,0.1,25,beam_optimal,0.1353,0.1353,0.2118,0.2118,0,1,502,1127,38,477,0.07,2.09,no,no,((const=PP AND (NOT dep=det)) AND (NOT dep=prep)),((const=PP AND (NOT tag=DT)) AND (NOT dep=prep))
untrained,0.1,unit88,0.1,50,beam_optimal,0.1353,0.1353,0.2118,0.2118,0,1,751,1127,60,477,0.11,2.09,no,no,((const=PP AND (NOT tag=DT)) AND (NOT dep=prep)),((const=PP AND (NOT tag=DT)) AND (NOT dep=prep))
untrained,0.1,unit88,0.1,100,beam_optimal,0.1353,0.1353,0.2118,0.2118,0,1,1077,1127,108,477,0.19,2.09,no,no,((const=PP AND (NOT tag=DT)) AND (NOT dep=prep)),((const=PP AND (NOT tag=DT)) AND (NOT dep=prep))
untrained,0.1,unit88,0.1,200,beam_optimal,0.1353,0.1353,0.2118,0.2118,0,1,1274,1127,201,477,0.28,2.09,no,no,((const=PP AND (NOT dep=det)) AND (NOT dep=prep)),((const=PP AND (NOT tag=DT)) AND (NOT dep=prep))
untrained,0.1,unit92,0.09996,5,beam_optimal,0.1947,0.1947,0.1924,0.1924,0,1,121,334,15,423,0.02,0.48,no,no,((tag=NN AND (NOT const=VP)) OR dep=punct),((tag=NN AND (NOT const=VP)) OR dep=punct)
untrained,0.1,unit92,0.09996,10,beam_optimal,0.1947,0.1947,0.1924,0.1924,0,1,151,334,22,423,0.03,0.48,no,no,((tag=NN AND (NOT const=VP)) OR dep=punct),((tag=NN AND (NOT const=VP)) OR dep=punct)
untrained,0.1,unit92,0.09996,25,beam_optimal,0.1947,0.1947,0.1924,0.1924,0,1,260,334,36,423,0.05,0.48,no,no,((tag=NN AND (NOT const=VP)) OR dep=punct),((tag=NN AND (NOT const=VP)) OR dep=punct)
untrained,0.1,unit92,0.09996,50,beam_optimal,0.1947,0.1947,0.1924,0.1924,0,1,362,334,59,423,0.08,0.48,no,no,((tag=NN AND (NOT const=VP)) OR dep=punct),((tag=NN AND (NOT const=VP)) OR dep=punct)
untrained,0.1,unit92,0.09996,100,beam_optimal,0.1947,0.1947,0.1924,0.1924,0,1,569,334,107,423,0.15,0.48,no,no,((tag=NN AND (NOT const=VP)) OR dep=punct),((tag=NN AND (NOT const=VP)) OR dep=punct)
untrained,0.1,unit92,0.09996,200,beam_optimal,0.1947,0.1947,0.1924,0.1924,0,1,719,334,201,423,0.32,0.48,no,no,((tag=NN AND (NOT const=VP)) OR dep=punct),((tag=NN AND (NOT const=VP)) OR dep=punct)
untrained,0.1,unit396,0.1,5,beam_optimal,0.1486,0.1486,0.1772,0.1772,0,1,123,519,15,578,0.02,1.04,no,no,((tag=NN OR lemma=.) AND (NOT const=VP)),((tag=NN AND (NOT const=VP)) OR lemma=.)
untrained,0.1,unit396,0.1,10,beam_optimal,0.1486,0.1486,0.1772,0.1772,0,1,192,519,25,578,0.03,1.04,no,no,((tag=NN OR lemma=.) AND (NOT const=VP)),((tag=NN AND (NOT const=VP)) OR lemma=.)
untrained,0.1,unit396,0.1,25,beam_optimal,0.1486,0.1486,0.1772,0.1772,0,1,336,519,39,578,0.06,1.04,no,no,((tag=NN OR lemma=.) AND (NOT const=VP)),((tag=NN AND (NOT const=VP)) OR lemma=.)
untrained,0.1,unit396,0.1,50,beam_optimal,0.1486,0.1486,0.1772,0.1772,0,1,510,519,63,578,0.1,1.04,no,no,((tag=NN OR lemma=.) AND (NOT const=VP)),((tag=NN AND (NOT const=VP)) OR lemma=.)
untrained,0.1,unit396,0.1,100,beam_optimal,0.1486,0.1486,0.1772,0.1772,0,1,710,519,109,578,0.17,1.04,no,no,((tag=NN OR lemma=.) AND (NOT const=VP)),((tag=NN AND (NOT const=VP)) OR lemma=.)
untrained,0.1,unit396,0.1,200,beam_optimal,0.1486,0.1486,0.1772,0.1772,0,1,1047,519,204,578,0.29,1.04,no,no,((tag=NN OR lemma=.) AND (NOT const=VP)),((tag=NN AND (NOT const=VP)) OR lemma=.)
untrained,0.1,unit413,0.09996,5,beam_optimal,0.1444,0.1444,0.383,0.383,0,1,215,817,15,502,0.03,1.75,no,no,((const=VP AND (NOT synset=angstrom.n.01)) AND (NOT tag=NN)),((const=VP AND (NOT tag=NN)) AND (NOT lemma=a))
untrained,0.1,unit413,0.09996,10,beam_optimal,0.1444,0.1444,0.383,0.383,0,1,291,817,22,502,0.04,1.75,no,no,((const=VP AND (NOT synset=angstrom.n.01)) AND (NOT tag=NN)),((const=VP AND (NOT tag=NN)) AND (NOT lemma=a))
untrained,0.1,unit413,0.09996,25,beam_optimal,0.1444,0.1444,0.383,0.383,0,1,474,817,37,502,0.07,1.75,no,no,((const=VP AND (NOT synset=angstrom.n.01)) AND (NOT tag=NN)),((const=VP AND (NOT tag=NN)) AND (NOT lemma=a))
untrained,0.1,unit413,0.09996,50,beam_optimal,0.1444,0.1444,0.383,0.383,0,1,717,817,61,502,0.11,1.75,no,no,((const=VP AND (NOT synset=angstrom.n.01)) AND (NOT tag=NN)),((const=VP AND (NOT tag=NN)) AND (NOT lemma=a))
untrained,0.1,unit413,0.09996,100,beam_optimal,0.1444,0.1444,0.383,0.383,0,1,1042,817,108,502,0.18,1.75,no,no,((const=VP AND (NOT synset=angstrom.n.01)) AND (NOT tag=NN)),((const=VP AND (NOT tag=NN)) AND (NOT lemma=a))
untrained,0.1,unit413,0.09996,200,beam_optimal,0.1444,0.1444,0.383,0.383,0,1,1357,817,200,502,0.29,1.75,no,no,((const=VP AND (NOT synset=angstrom.n.01)) AND (NOT tag=NN)),((const=VP AND (NOT tag=NN)) AND (NOT lemma=a))
untrained,0.1,unit510,0.1,5,beam_optimal,0.1544,0.1544,0.1036,0.1036,0,1,88,579,14,474,0.02,0.93,no,no,((lemma=. OR dep=pobj) AND (NOT const=VP)),((dep=pobj AND (NOT const=VP)) OR lemma=.)
untrained,0.1,unit510,0.1,10,beam_optimal,0.1544,0.1544,0.1036,0.1036,0,1,149,579,22,474,0.03,0.93,no,no,((lemma=. OR dep=pobj) AND (NOT const=VP)),((dep=pobj AND (NOT const=VP)) OR lemma=.)
untrained,0.1,unit510,0.1,25,beam_optimal,0.1544,0.1544,0.1036,0.1036,0,1,295,579,36,474,0.05,0.93,no,no,((lemma=. OR dep=pobj) AND (NOT const=VP)),((dep=pobj AND (NOT const=VP)) OR lemma=.)
untrained,0.1,unit510,0.1,50,beam_optimal,0.1544,0.1544,0.1036,0.1036,0,1,528,579,60,474,0.15,0.93,no,no,((lemma=. OR dep=pobj) AND (NOT const=VP)),((dep=pobj AND (NOT const=VP)) OR lemma=.)
untrained,0.1,unit510,0.1,100,beam_optimal,0.1544,0.1544,0.1036,0.1036,0,1,846,579,106,474,0.16,0.93,no,no,((lemma=. OR dep=pobj) AND (NOT const=VP)),((dep=pobj AND (NOT const=VP)) OR lemma=.)
untrained,0.1,unit510,0.1,200,beam_optimal,0.1544,0.1544,0.1036,0.1036,0,1,1049,579,200,474,0.27,0.93,no,no,((lemma=. OR dep=pobj) AND (NOT const=VP)),((dep=pobj AND (NOT const=VP)) OR lemma=.)
untrained,0.05,unit88,0.04992,5,beam_optimal,0.0919,0.0919,0.2118,0.2118,0,1,149,663,15,432,0.02,1.16,no,no,((const=PP AND (NOT dep=det)) AND (NOT dep=prep)),((const=PP AND (NOT tag=DT)) AND (NOT dep=prep))
untrained,0.05,unit88,0.04992,10,beam_optimal,0.0919,0.0919,0.2118,0.2118,0,1,217,663,22,432,0.03,1.16,no,no,((const=PP AND (NOT dep=det)) AND (NOT dep=prep)),((const=PP AND (NOT tag=DT)) AND (NOT dep=prep))
untrained,0.05,unit88,0.04992,25,beam_optimal,0.0919,0.0919,0.2118,0.2118,0,1,367,663,36,432,0.06,1.16,no,no,((const=PP AND (NOT dep=det)) AND (NOT dep=prep)),((const=PP AND (NOT tag=DT)) AND (NOT dep=prep))
untrained,0.05,unit88,0.04992,50,beam_optimal,0.0919,0.0919,0.2118,0.2118,0,1,567,663,58,432,0.1,1.16,no,no,((const=PP AND (NOT tag=DT)) AND (NOT dep=prep)),((const=PP AND (NOT tag=DT)) AND (NOT dep=prep))
untrained,0.05,unit88,0.04992,100,beam_optimal,0.0919,0.0919,0.2118,0.2118,0,1,851,663,107,432,0.17,1.16,no,no,((const=PP AND (NOT tag=DT)) AND (NOT dep=prep)),((const=PP AND (NOT tag=DT)) AND (NOT dep=prep))
untrained,0.05,unit88,0.04992,200,beam_optimal,0.0919,0.0919,0.2118,0.2118,0,1,1031,663,200,432,0.27,1.16,no,no,((const=PP AND (NOT dep=det)) AND (NOT dep=prep)),((const=PP AND (NOT tag=DT)) AND (NOT dep=prep))
untrained,0.05,unit92,0.05,5,beam_optimal,0.1167,0.1167,0.1022,0.1022,0,1,102,579,15,454,0.02,0.93,no,no,((tag=NN AND const=NP) AND (NOT const=VP)),((const=NP AND (NOT const=VP)) AND tag=NN)
untrained,0.05,unit92,0.05,10,beam_optimal,0.1167,0.1167,0.1022,0.1022,0,1,152,579,22,454,0.03,0.93,no,no,((tag=NN AND const=NP) AND (NOT const=VP)),((const=NP AND (NOT const=VP)) AND tag=NN)
untrained,0.05,unit92,0.05,25,beam_optimal,0.1167,0.1167,0.1022,0.1022,0,1,297,579,36,454,0.05,0.93,no,no,((tag=NN AND const=NP) AND (NOT const=VP)),((const=NP AND (NOT const=VP)) AND tag=NN)
untrained,0.05,unit92,0.05,50,beam_optimal,0.1167,0.1167,0.1022,0.1022,0,1,478,579,60,454,0.09,0.93,no,no,((tag=NN AND const=NP) AND (NOT const=VP)),((const=NP AND (NOT const=VP)) AND tag=NN)
untrained,0.05,unit92,0.05,100,beam_optimal,0.1167,0.1167,0.1022,0.1022,0,1,742,579,107,454,0.17,0.93,no,no,((tag=NN AND const=NP) AND (NOT const=VP)),((const=NP AND (NOT const=VP)) AND tag=NN)
untrained,0.05,unit92,0.05,200,beam_optimal,0.1167,0.1167,0.1022,0.1022,0,1,1020,579,201,454,0.28,0.93,no,no,((tag=NN AND const=NP) AND (NOT const=VP)),((const=NP AND (NOT const=VP)) AND tag=NN)
untrained,0.05,unit396,0.04992,5,beam_optimal,0.0752,0.0755,0.1037,0.3017,0,0,121,1162,14,682,0.02,3.32,no,no,((lemma=. OR tag=IN) AND (NOT const=VP)),((const=VP AND (NOT const=NP)) OR lemma=.)
untrained,0.05,unit396,0.04992,10,beam_optimal,0.0755,0.0755,0.3017,0.3017,0,1,196,1162,24,682,0.03,3.32,no,no,((const=VP AND (NOT const=NP)) OR lemma=.),((const=VP AND (NOT const=NP)) OR lemma=.)
untrained,0.05,unit396,0.04992,25,beam_optimal,0.0755,0.0755,0.3017,0.3017,0,1,406,1162,38,682,0.05,3.32,no,no,((const=VP AND (NOT const=NP)) OR lemma=.),((const=VP AND (NOT const=NP)) OR lemma=.)
untrained,0.05,unit396,0.04992,50,beam_optimal,0.0755,0.0755,0.3017,0.3017,0,1,668,1162,61,682,0.1,3.32,no,no,((const=VP AND (NOT const=NP)) OR lemma=.),((const=VP AND (NOT const=NP)) OR lemma=.)
untrained,0.05,unit396,0.04992,100,beam_optimal,0.0755,0.0755,0.3017,0.3017,0,1,1161,1162,108,682,0.17,3.32,no,no,((const=VP AND (NOT const=NP)) OR lemma=.),((const=VP AND (NOT const=NP)) OR lemma=.)
untrained,0.05,unit396,0.04992,200,beam_optimal,0.0755,0.0755,0.3017,0.3017,0,1,2017,1162,203,682,0.32,3.32,no,no,((const=VP AND (NOT const=NP)) OR lemma=.),((const=VP AND (NOT const=NP)) OR lemma=.)
untrained,0.05,unit413,0.05,5,beam_optimal,0.1038,0.1038,0.1627,0.1627,0,1,135,631,15,528,0.02,1.32,no,no,((const=VP AND (NOT const=NP)) AND (NOT const=PP)),((const=VP AND (NOT const=NP)) AND (NOT const=PP))
untrained,0.05,unit413,0.05,10,beam_optimal,0.1038,0.1038,0.1627,0.1627,0,1,190,631,23,528,0.03,1.32,no,no,((const=VP AND (NOT const=NP)) AND (NOT const=PP)),((const=VP AND (NOT const=NP)) AND (NOT const=PP))
untrained,0.05,unit413,0.05,25,beam_optimal,0.1038,0.1038,0.1627,0.1627,0,1,311,631,36,528,0.05,1.32,no,no,((const=VP AND (NOT const=NP)) AND (NOT const=PP)),((const=VP AND (NOT const=NP)) AND (NOT const=PP))
untrained,0.05,unit413,0.05,50,beam_optimal,0.1038,0.1038,0.1627,0.1627,0,1,532,631,60,528,0.09,1.32,no,no,((const=VP AND (NOT const=NP)) AND (NOT const=PP)),((const=VP AND (NOT const=NP)) AND (NOT const=PP))
untrained,0.05,unit413,0.05,100,beam_optimal,0.1038,0.1038,0.1627,0.1627,0,1,957,631,107,528,0.16,1.32,no,no,((const=VP AND (NOT const=NP)) AND (NOT const=PP)),((const=VP AND (NOT const=NP)) AND (NOT const=PP))
untrained,0.05,unit413,0.05,200,beam_optimal,0.1038,0.1038,0.1627,0.1627,0,1,1377,631,201,528,0.28,1.32,no,no,((const=VP AND (NOT const=NP)) AND (NOT const=PP)),((const=VP AND (NOT const=NP)) AND (NOT const=PP))
untrained,0.05,unit510,0.04715,5,beam_optimal,0.0734,0.0734,0.2074,0.2074,0,1,150,1178,15,565,0.02,2.64,no,no,((tag=NN AND (NOT dep=nsubj)) OR dep=pobj),((tag=NN AND (NOT dep=nsubj)) OR dep=pobj)
untrained,0.05,unit510,0.04715,10,beam_optimal,0.0734,0.0734,0.2074,0.2074,0,1,207,1178,22,565,0.03,2.64,no,no,((tag=NN AND (NOT dep=nsubj)) OR dep=pobj),((tag=NN AND (NOT dep=nsubj)) OR dep=pobj)
untrained,0.05,unit510,0.04715,25,beam_optimal,0.0734,0.0734,0.2074,0.2074,0,1,451,1178,36,565,0.06,2.64,no,no,((tag=NN AND (NOT dep=nsubj)) OR dep=pobj),((tag=NN AND (NOT dep=nsubj)) OR dep=pobj)
untrained,0.05,unit510,0.04715,50,beam_optimal,0.0734,0.0734,0.2074,0.2074,0,1,774,1178,61,565,0.11,2.64,no,no,((tag=NN AND (NOT dep=nsubj)) OR dep=pobj),((tag=NN AND (NOT dep=nsubj)) OR dep=pobj)
untrained,0.05,unit510,0.04715,100,beam_optimal,0.0734,0.0734,0.2074,0.2074,0,1,1219,1178,107,565,0.25,2.64,no,no,((tag=NN AND (NOT dep=nsubj)) OR dep=pobj),((tag=NN AND (NOT dep=nsubj)) OR dep=pobj)
untrained,0.05,unit510,0.04715,200,beam_optimal,0.0734,0.0734,0.2074,0.2074,0,1,1735,1178,200,565,0.31,2.64,no,no,((tag=NN AND (NOT dep=nsubj)) OR dep=pobj),((tag=NN AND (NOT dep=nsubj)) OR dep=pobj)
