arm,alpha,unit,density_run,n_fire_neuron,beam,beam_IoU,exact_IoU,beam_cov,exact_cov,same_mask,same_proxy,same_string,beam_peak,exact_peak,cap_bound,beam_visited,exact_visited,beam_time_s,exact_time_s,beam_halted,exact_halted,beam_formula,exact_formula
trained,0.2,unit88,0.12856,3111,5,0.2082,0.2522,0.1467,0.1417,0,0,0,46,531,1,4,398,0.01,0.47,no,no,((const=VP AND dep=ROOT) OR dep=nsubj),((tag=NN OR dep=nsubj) AND (NOT const=PP))
trained,0.2,unit88,0.12856,3111,10,0.1985,0.2522,0.2292,0.1417,0,0,0,46,531,1,4,398,0.01,0.47,no,no,((const=NP OR const=VP) AND tag=NN),((tag=NN OR dep=nsubj) AND (NOT const=PP))
trained,0.2,unit88,0.12856,3111,25,0.2522,0.2522,0.1417,0.1417,1,1,1,60,531,1,28,398,0.02,0.47,no,no,((tag=NN OR dep=nsubj) AND (NOT const=PP)),((tag=NN OR dep=nsubj) AND (NOT const=PP))
trained,0.2,unit88,0.12856,3111,50,0.2506,0.2522,0.1439,0.1417,0,0,0,85,531,1,59,398,0.05,0.47,no,no,((tag=NN AND (NOT const=PP)) OR dep=nsubj),((tag=NN OR dep=nsubj) AND (NOT const=PP))
trained,0.2,unit88,0.12856,3111,100,0.251,0.2522,0.0939,0.1417,0,0,0,135,531,1,118,398,0.1,0.47,no,no,((const=NP AND dep=ROOT) OR dep=nsubj),((tag=NN OR dep=nsubj) AND (NOT const=PP))
trained,0.2,unit88,0.12856,3111,200,0.2522,0.2522,0.1417,0.1417,1,1,1,235,531,1,264,398,0.27,0.47,no,no,((tag=NN OR dep=nsubj) AND (NOT const=PP)),((tag=NN OR dep=nsubj) AND (NOT const=PP))
trained,0.2,unit92,0.19993,4838,5,0.2389,0.2578,0.8309,0.4041,0,0,0,48,991,1,7,506,0.01,0.88,no,no,(NOT tag=DT),((const=PP AND (NOT tag=DT)) OR lemma=.)
trained,0.2,unit92,0.19993,4838,10,0.1979,0.2578,0.166,0.4041,0,0,0,53,991,1,9,506,0.01,0.88,no,no,((tag=NN AND dep=pobj) OR lemma=.),((const=PP AND (NOT tag=DT)) OR lemma=.)
trained,0.2,unit92,0.19993,4838,25,0.2061,0.2578,0.3821,0.4041,0,0,0,70,991,1,22,506,0.02,0.88,no,no,((const=VP AND const=PP) OR dep=punct),((const=PP AND (NOT tag=DT)) OR lemma=.)
trained,0.2,unit92,0.19993,4838,50,0.2389,0.2578,0.8309,0.4041,0,0,0,94,991,1,53,506,0.05,0.88,no,no,(NOT tag=DT),((const=PP AND (NOT tag=DT)) OR lemma=.)
trained,0.2,unit92,0.19993,4838,100,0.2404,0.2578,0.5499,0.4041,0,0,0,144,991,1,160,506,0.14,0.88,no,no,((const=VP AND (NOT tag=DT)) OR lemma=.),((const=PP AND (NOT tag=DT)) OR lemma=.)
trained,0.2,unit92,0.19993,4838,200,0.2578,0.2578,0.4041,0.4041,1,1,1,244,991,1,187,506,0.25,0.88,no,no,((const=PP AND (NOT tag=DT)) OR lemma=.),((const=PP AND (NOT tag=DT)) OR lemma=.)
trained,0.2,unit413,0.20001,4840,5,0.3834,0.4689,0.3383,0.2281,0,0,0,55,428,1,10,65,0.01,0.11,no,no,((const=NP OR dep=nsubj) AND (NOT const=PP)),((const=NP AND (NOT const=VP)) AND (NOT const=PP))
trained,0.2,unit413,0.20001,4840,10,0.2992,0.4689,0.5922,0.2281,0,0,0,60,428,1,12,65,0.01,0.11,no,no,(NOT const=PP),((const=NP AND (NOT const=VP)) AND (NOT const=PP))
trained,0.2,unit413,0.20001,4840,25,0.2949,0.4689,0.2467,0.2281,0,0,0,75,428,1,19,65,0.02,0.11,no,no,((tag=DT OR synset=angstrom.n.01) OR dep=nsubj),((const=NP AND (NOT const=VP)) AND (NOT const=PP))
trained,0.2,unit413,0.20001,4840,50,0.3884,0.4689,0.1624,0.2281,0,0,0,100,428,1,45,65,0.05,0.11,no,no,((dep=det AND (NOT const=VP)) OR dep=nsubj),((const=NP AND (NOT const=VP)) AND (NOT const=PP))
trained,0.2,unit413,0.20001,4840,100,0.3884,0.4689,0.1624,0.2281,0,0,0,142,428,1,54,65,0.08,0.11,no,no,((dep=det AND (NOT const=VP)) OR dep=nsubj),((const=NP AND (NOT const=VP)) AND (NOT const=PP))
trained,0.2,unit413,0.20001,4840,200,0.4689,0.4689,0.2281,0.2281,1,1,1,242,428,1,56,65,0.13,0.11,no,no,((const=NP AND (NOT const=VP)) AND (NOT const=PP)),((const=NP AND (NOT const=VP)) AND (NOT const=PP))
trained,0.1,unit88,0.09095,2201,5,0.1301,0.1816,0.2292,0.2386,0,0,0,46,566,1,2,419,0.01,0.51,no,no,((const=NP OR const=VP) AND tag=NN),((const=NP AND (NOT const=PP)) AND (NOT tag=DT))
trained,0.1,unit88,0.09095,2201,10,0.1301,0.1816,0.2292,0.2386,0,0,0,46,566,1,2,419,0.01,0.51,no,no,((const=NP OR const=VP) AND tag=NN),((const=NP AND (NOT const=PP)) AND (NOT tag=DT))
trained,0.1,unit88,0.09095,2201,25,0.1663,0.1816,0.0876,0.2386,0,0,0,60,566,1,24,419,0.02,0.51,no,no,((tag=NN AND dep=ROOT) OR dep=nsubj),((const=NP AND (NOT const=PP)) AND (NOT tag=DT))
trained,0.1,unit88,0.09095,2201,50,0.1739,0.1816,0.1439,0.2386,0,0,0,85,566,1,68,419,0.05,0.51,no,no,((tag=NN AND (NOT const=PP)) OR dep=nsubj),((const=NP AND (NOT const=PP)) AND (NOT tag=DT))
trained,0.1,unit88,0.09095,2201,100,0.1739,0.1816,0.1439,0.2386,0,0,0,135,566,1,115,419,0.09,0.51,no,no,((tag=NN AND (NOT const=PP)) OR dep=nsubj),((const=NP AND (NOT const=PP)) AND (NOT tag=DT))
trained,0.1,unit88,0.09095,2201,200,0.1816,0.1816,0.2386,0.2386,1,1,1,235,566,1,180,419,0.22,0.51,no,no,((const=NP AND (NOT const=PP)) AND (NOT tag=DT)),((const=NP AND (NOT const=PP)) AND (NOT tag=DT))
trained,0.1,unit92,0.1,2420,5,0.146,0.1593,0.2,0.1938,0,0,0,43,962,1,2,677,0.01,1.07,no,no,((const=VP AND tag=NN) OR lemma=.),(dep=pobj OR lemma=.)
trained,0.1,unit92,0.1,2420,10,0.1557,0.1593,0.2089,0.1938,0,0,0,48,962,1,9,677,0.01,1.07,no,no,(dep=pobj OR dep=punct),(dep=pobj OR lemma=.)
trained,0.1,unit92,0.1,2420,25,0.1593,0.1593,0.1938,0.1938,1,1,0,67,962,1,23,677,0.02,1.07,no,no,((dep=punct AND lemma=.) OR dep=pobj),(dep=pobj OR lemma=.)
trained,0.1,unit92,0.1,2420,50,0.1583,0.1593,0.1851,0.1938,0,0,0,90,962,1,66,677,0.05,1.07,no,no,((const=NP AND dep=pobj) OR lemma=.),(dep=pobj OR lemma=.)
trained,0.1,unit92,0.1,2420,100,0.1593,0.1593,0.1938,0.1938,1,1,0,140,962,1,112,677,0.1,1.07,no,no,((dep=punct AND lemma=.) OR dep=pobj),(dep=pobj OR lemma=.)
trained,0.1,unit92,0.1,2420,200,0.1591,0.1593,0.1905,0.1938,0,0,0,240,962,1,195,677,0.25,1.07,no,no,((const=PP AND dep=pobj) OR lemma=.),(dep=pobj OR lemma=.)
trained,0.1,unit396,0.09546,2310,5,0.0991,0.1453,0.8948,0.2468,0,0,0,45,1289,1,2,717,0.01,1.16,no,no,(const=NP OR const=VP),((const=PP AND (NOT tag=IN)) AND (NOT lemma=a))
trained,0.1,unit396,0.09546,2310,10,0.1214,0.1453,0.4381,0.2468,0,0,0,50,1289,1,4,717,0.01,1.16,no,no,((const=VP OR const=PP) AND const=NP),((const=PP AND (NOT tag=IN)) AND (NOT lemma=a))
trained,0.1,unit396,0.09546,2310,25,0.1245,0.1453,0.338,0.2468,0,0,0,74,1289,1,9,717,0.02,1.16,no,no,((const=PP OR dep=pobj) AND const=NP),((const=PP AND (NOT tag=IN)) AND (NOT lemma=a))
trained,0.1,unit396,0.09546,2310,50,0.1303,0.1453,0.5355,0.2468,0,0,0,104,1289,1,37,717,0.05,1.16,no,no,((const=NP AND (NOT lemma=a)) AND (NOT dep=punct)),((const=PP AND (NOT tag=IN)) AND (NOT lemma=a))
trained,0.1,unit396,0.09546,2310,100,0.1334,0.1453,0.2813,0.2468,0,0,0,154,1289,1,90,717,0.12,1.16,no,no,((const=NP AND const=VP) AND (NOT lemma=a)),((const=PP AND (NOT tag=IN)) AND (NOT lemma=a))
trained,0.1,unit396,0.09546,2310,200,0.1453,0.1453,0.2468,0.2468,1,1,1,254,1289,1,269,717,0.32,1.16,no,no,((const=PP AND (NOT tag=IN)) AND (NOT lemma=a)),((const=PP AND (NOT tag=IN)) AND (NOT lemma=a))
trained,0.1,unit413,0.02612,632,5,0.0834,0.0952,0.0501,0.077,0,0,0,34,412,1,2,340,0.01,0.38,no,no,((const=NP AND tag=NN) AND dep=nsubj),((tag=NN AND (NOT const=VP)) AND (NOT const=PP))
trained,0.1,unit413,0.02612,632,10,0.0728,0.0952,0.1286,0.077,0,0,0,34,412,1,10,340,0.01,0.38,no,no,((tag=NN OR dep=nsubj) AND (NOT const=VP)),((tag=NN AND (NOT const=VP)) AND (NOT const=PP))
trained,0.1,unit413,0.02612,632,25,0.0752,0.0952,0.0855,0.077,0,0,0,58,412,1,16,340,0.02,0.38,no,no,((dep=ROOT OR dep=nsubj) AND const=NP),((tag=NN AND (NOT const=VP)) AND (NOT const=PP))
trained,0.1,unit413,0.02612,632,50,0.0952,0.0952,0.077,0.077,1,1,1,83,412,1,104,340,0.06,0.38,no,no,((tag=NN AND (NOT const=VP)) AND (NOT const=PP)),((tag=NN AND (NOT const=VP)) AND (NOT const=PP))
trained,0.1,unit413,0.02612,632,100,0.0952,0.0952,0.077,0.077,1,1,1,133,412,1,138,340,0.1,0.38,no,no,((tag=NN AND (NOT const=VP)) AND (NOT const=PP)),((tag=NN AND (NOT const=VP)) AND (NOT const=PP))
trained,0.1,unit413,0.02612,632,200,0.0952,0.0952,0.077,0.077,1,1,1,230,412,1,251,340,0.23,0.38,no,no,((tag=NN AND (NOT const=VP)) AND (NOT const=PP)),((tag=NN AND (NOT const=VP)) AND (NOT const=PP))
trained,0.1,unit510,0.09996,2419,5,-1.0,0.1575,,0.1649,0,0,0,55,1728,1,0,866,0.01,1.91,no,no,,((const=PP AND tag=DT) OR dep=punct)
trained,0.1,unit510,0.09996,2419,10,0.1393,0.1575,0.1846,0.1649,0,0,0,60,1728,1,2,866,0.01,1.91,no,no,((dep=punct AND lemma=.) OR lemma=a),((const=PP AND tag=DT) OR dep=punct)
trained,0.1,unit510,0.09996,2419,25,0.1575,0.1575,0.1649,0.1649,1,1,1,75,1728,1,15,866,0.02,1.91,no,no,((const=PP AND tag=DT) OR dep=punct),((const=PP AND tag=DT) OR dep=punct)
trained,0.1,unit510,0.09996,2419,50,0.1575,0.1575,0.1649,0.1649,1,1,0,100,1728,1,33,866,0.05,1.91,no,no,((const=PP AND dep=det) OR dep=punct),((const=PP AND tag=DT) OR dep=punct)
trained,0.1,unit510,0.09996,2419,100,0.1575,0.1575,0.1649,0.1649,1,1,0,150,1728,1,63,866,0.1,1.91,no,no,((const=PP AND dep=det) OR dep=punct),((const=PP AND tag=DT) OR dep=punct)
trained,0.1,unit510,0.09996,2419,200,0.1575,0.1575,0.1649,0.1649,1,1,1,247,1728,1,135,866,0.29,1.91,no,no,((const=PP AND tag=DT) OR dep=punct),((const=PP AND tag=DT) OR dep=punct)
trained,0.05,unit86,0.03645,882,5,0.2048,0.2068,0.0511,0.0501,0,0,0,40,344,1,6,203,0.0,0.26,no,no,((tag=NN AND dep=nsubj) AND (NOT const=VP)),((const=NP AND tag=NN) AND dep=nsubj)
trained,0.05,unit86,0.03645,882,10,0.2048,0.2068,0.0511,0.0501,0,0,0,40,344,1,6,203,0.01,0.26,no,no,((tag=NN AND dep=nsubj) AND (NOT const=VP)),((const=NP AND tag=NN) AND dep=nsubj)
trained,0.05,unit86,0.03645,882,25,0.1771,0.2068,0.0855,0.0501,0,0,0,48,344,1,7,203,0.02,0.26,no,no,((dep=ROOT OR dep=nsubj) AND const=NP),((const=NP AND tag=NN) AND dep=nsubj)
trained,0.05,unit86,0.03645,882,50,0.2048,0.2068,0.0511,0.0501,0,0,0,77,344,1,85,203,0.06,0.26,no,no,((tag=NN AND (NOT const=VP)) AND dep=nsubj),((const=NP AND tag=NN) AND dep=nsubj)
trained,0.05,unit86,0.03645,882,100,0.2068,0.2068,0.0501,0.0501,1,1,1,127,344,1,127,203,0.1,0.26,no,no,((const=NP AND tag=NN) AND dep=nsubj),((const=NP AND tag=NN) AND dep=nsubj)
trained,0.05,unit86,0.03645,882,200,0.2068,0.2068,0.0501,0.0501,1,1,1,227,344,1,131,203,0.18,0.26,no,no,((const=NP AND tag=NN) AND dep=nsubj),((const=NP AND tag=NN) AND dep=nsubj)
trained,0.05,unit87,0.04996,1209,5,-1.0,0.0721,,0.1517,0,0,0,54,2441,1,0,1795,0.01,5.52,no,no,,((dep=prep AND (NOT const=NP)) OR dep=punct)
trained,0.05,unit87,0.04996,1209,10,-1.0,0.0721,,0.1517,0,0,0,59,2441,1,0,1795,0.01,5.52,no,no,,((dep=prep AND (NOT const=NP)) OR dep=punct)
trained,0.05,unit87,0.04996,1209,25,0.0594,0.0721,0.331,0.1517,0,0,0,74,2441,1,36,1795,0.03,5.52,no,no,(const=PP AND (NOT tag=DT)),((dep=prep AND (NOT const=NP)) OR dep=punct)
trained,0.05,unit87,0.04996,1209,50,0.0646,0.0721,0.0842,0.1517,0,0,0,99,2441,1,39,1795,0.05,5.52,no,no,(dep=punct AND (NOT const=PP)),((dep=prep AND (NOT const=NP)) OR dep=punct)
trained,0.05,unit87,0.04996,1209,100,0.0617,0.0721,0.0795,0.1517,0,0,0,149,2441,1,169,1795,0.17,5.52,no,no,((dep=punct AND (NOT const=NP)) OR lemma=.),((dep=prep AND (NOT const=NP)) OR dep=punct)
trained,0.05,unit87,0.04996,1209,200,0.0721,0.0721,0.1517,0.1517,1,1,1,249,2441,1,263,1795,0.37,5.52,no,no,((dep=prep AND (NOT const=NP)) OR dep=punct),((dep=prep AND (NOT const=NP)) OR dep=punct)
trained,0.05,unit91,0.05,1210,5,0.0767,0.1095,0.2292,0.1527,0,0,0,37,635,1,2,556,0.01,0.85,no,no,((const=NP OR const=VP) AND tag=NN),((const=NP AND dep=nsubj) OR dep=ROOT)
trained,0.05,unit91,0.05,1210,10,0.0782,0.1095,0.1955,0.1527,0,0,0,37,635,1,4,556,0.01,0.85,no,no,((const=PP AND dep=pobj) OR dep=nsubj),((const=NP AND dep=nsubj) OR dep=ROOT)
trained,0.05,unit91,0.05,1210,25,0.1081,0.1095,0.0855,0.1527,0,0,0,61,635,1,8,556,0.03,0.85,no,no,((dep=ROOT OR dep=nsubj) AND const=NP),((const=NP AND dep=nsubj) OR dep=ROOT)
trained,0.05,unit91,0.05,1210,50,0.099,0.1095,0.0674,0.1527,0,0,0,86,635,1,51,556,0.05,0.85,no,no,((const=NP AND (NOT const=PP)) AND dep=nsubj),((const=NP AND dep=nsubj) OR dep=ROOT)
trained,0.05,unit91,0.05,1210,100,0.1095,0.1095,0.1527,0.1527,1,1,1,136,635,1,107,556,0.11,0.85,no,no,((const=NP AND dep=nsubj) OR dep=ROOT),((const=NP AND dep=nsubj) OR dep=ROOT)
trained,0.05,unit91,0.05,1210,200,0.1095,0.1095,0.1527,0.1527,1,1,1,232,635,1,259,556,0.27,0.85,no,no,((const=NP AND dep=nsubj) OR dep=ROOT),((const=NP AND dep=nsubj) OR dep=ROOT)
trained,0.05,unit395,0.04992,1208,5,-1.0,0.0954,,0.2495,0,0,0,40,819,1,0,585,0.01,1.0,no,no,,((const=NP AND (NOT const=VP)) AND (NOT tag=DT))
trained,0.05,unit395,0.04992,1208,10,0.0347,0.0954,0.2456,0.2495,0,0,0,41,819,1,2,585,0.01,1.0,no,no,((tag=DT AND dep=det) OR dep=nsubj),((const=NP AND (NOT const=VP)) AND (NOT tag=DT))
trained,0.05,unit395,0.04992,1208,25,0.0713,0.0954,0.4392,0.2495,0,0,0,62,819,1,5,585,0.02,1.0,no,no,(NOT const=VP),((const=NP AND (NOT const=VP)) AND (NOT tag=DT))
trained,0.05,unit395,0.04992,1208,50,0.0876,0.0954,0.0932,0.2495,0,0,0,89,819,1,74,585,0.06,1.0,no,no,((dep=punct AND (NOT lemma=.)) OR dep=nsubj),((const=NP AND (NOT const=VP)) AND (NOT tag=DT))
trained,0.05,unit395,0.04992,1208,100,0.0888,0.0954,0.1345,0.2495,0,0,0,139,819,1,146,585,0.12,1.0,no,no,((tag=NN AND dep=nsubj) OR dep=ROOT),((const=NP AND (NOT const=VP)) AND (NOT tag=DT))
trained,0.05,unit395,0.04992,1208,200,0.0833,0.0954,0.0876,0.2495,0,0,0,240,819,1,225,585,0.29,1.0,no,no,((tag=NN AND dep=ROOT) OR dep=nsubj),((const=NP AND (NOT const=VP)) AND (NOT tag=DT))
trained,0.05,unit412,0.04992,1208,5,-1.0,0.0981,,0.1037,0,0,0,40,730,1,0,575,0.01,0.8,no,no,,((tag=IN AND (NOT const=VP)) OR lemma=.)
trained,0.05,unit412,0.04992,1208,10,-1.0,0.0981,,0.1037,0,0,0,40,730,1,0,575,0.01,0.8,no,no,,((tag=IN AND (NOT const=VP)) OR lemma=.)
trained,0.05,unit412,0.04992,1208,25,0.06,0.0981,0.4392,0.1037,0,0,0,53,730,1,6,575,0.02,0.8,no,no,(NOT const=VP),((tag=IN AND (NOT const=VP)) OR lemma=.)
trained,0.05,unit412,0.04992,1208,50,0.0664,0.0981,0.0583,0.1037,0,0,0,90,730,1,32,575,0.05,0.8,no,no,((const=NP AND (NOT tag=NN)) AND tag=IN),((tag=IN AND (NOT const=VP)) OR lemma=.)
trained,0.05,unit412,0.04992,1208,100,0.0981,0.0981,0.1037,0.1037,1,1,1,140,730,1,86,575,0.1,0.8,no,no,((tag=IN AND (NOT const=VP)) OR lemma=.),((tag=IN AND (NOT const=VP)) OR lemma=.)
trained,0.05,unit412,0.04992,1208,200,0.0981,0.0981,0.1037,0.1037,1,1,1,231,730,1,261,575,0.3,0.8,no,no,((tag=IN AND (NOT const=VP)) OR lemma=.),((tag=IN AND (NOT const=VP)) OR lemma=.)
untrained,0.2,unit88,0.19997,4839,5,0.2324,0.2388,0.6094,0.7832,0,0,0,56,1468,1,11,717,0.01,1.31,no,no,((const=VP OR const=PP) AND (NOT lemma=a)),((const=NP OR const=VP) AND (NOT lemma=a))
untrained,0.2,unit88,0.19997,4839,10,0.2324,0.2388,0.6094,0.7832,0,0,0,61,1468,1,18,717,0.01,1.31,no,no,((const=VP OR const=PP) AND (NOT lemma=a)),((const=NP OR const=VP) AND (NOT lemma=a))
untrained,0.2,unit88,0.19997,4839,25,0.1791,0.2388,0.6235,0.7832,0,0,0,76,1468,1,9,717,0.02,1.31,no,no,((lemma=. AND (NOT const=NP)) OR const=VP),((const=NP OR const=VP) AND (NOT lemma=a))
untrained,0.2,unit88,0.19997,4839,50,0.2115,0.2388,0.8289,0.7832,0,0,0,105,1468,1,44,717,0.05,1.31,no,no,((const=VP AND (NOT const=PP)) OR const=NP),((const=NP OR const=VP) AND (NOT lemma=a))
untrained,0.2,unit88,0.19997,4839,100,0.22,0.2388,0.8323,0.7832,0,0,0,155,1468,1,48,717,0.1,1.31,no,no,(NOT dep=det),((const=NP OR const=VP) AND (NOT lemma=a))
untrained,0.2,unit88,0.19997,4839,200,0.2388,0.2388,0.7832,0.7832,1,1,1,255,1468,1,123,717,0.22,1.31,no,no,((const=NP OR const=VP) AND (NOT lemma=a)),((const=NP OR const=VP) AND (NOT lemma=a))
untrained,0.2,unit92,0.19993,4838,5,0.2121,0.28,0.8739,0.149,0,0,0,60,1047,1,9,291,0.01,0.47,no,no,(NOT tag=IN),((lemma=a AND (NOT const=VP)) OR dep=punct)
untrained,0.2,unit92,0.19993,4838,10,0.2174,0.28,0.1846,0.149,0,0,0,65,1047,1,8,291,0.01,0.47,no,no,((dep=punct AND lemma=.) OR lemma=a),((lemma=a AND (NOT const=VP)) OR dep=punct)
untrained,0.2,unit92,0.19993,4838,25,0.236,0.28,0.1998,0.149,0,0,0,80,1047,1,20,291,0.02,0.47,no,no,((const=NP AND synset=angstrom.n.01) OR dep=punct),((lemma=a AND (NOT const=VP)) OR dep=punct)
untrained,0.2,unit92,0.19993,4838,50,0.2607,0.28,0.1725,0.149,0,0,0,105,1047,1,54,291,0.05,0.47,no,no,((dep=det AND (NOT const=VP)) OR dep=punct),((lemma=a AND (NOT const=VP)) OR dep=punct)
untrained,0.2,unit92,0.19993,4838,100,0.28,0.28,0.149,0.149,1,1,1,155,1047,1,115,291,0.12,0.47,no,no,((lemma=a AND (NOT const=VP)) OR dep=punct),((lemma=a AND (NOT const=VP)) OR dep=punct)
untrained,0.2,unit92,0.19993,4838,200,0.28,0.28,0.149,0.149,1,1,1,244,1047,1,188,291,0.24,0.47,no,no,((lemma=a AND (NOT const=VP)) OR dep=punct),((lemma=a AND (NOT const=VP)) OR dep=punct)
untrained,0.2,unit396,0.20001,4840,5,0.1848,0.2518,0.2444,0.1391,0,0,0,48,1243,1,10,821,0.01,1.76,no,no,((tag=IN OR dep=prep) OR lemma=a),((lemma=a AND (NOT const=PP)) OR lemma=.)
untrained,0.2,unit396,0.20001,4840,10,0.2228,0.2518,0.2422,0.1391,0,0,0,65,1243,1,7,821,0.01,1.76,no,no,((tag=DT OR dep=det) OR lemma=.),((lemma=a AND (NOT const=PP)) OR lemma=.)
untrained,0.2,unit396,0.20001,4840,25,0.2215,0.2518,0.2408,0.1391,0,0,0,80,1243,1,6,821,0.02,1.76,no,no,((dep=det OR synset=angstrom.n.01) OR lemma=.),((lemma=a AND (NOT const=PP)) OR lemma=.)
untrained,0.2,unit396,0.20001,4840,50,0.2369,0.2518,0.5922,0.1391,0,0,0,105,1243,1,43,821,0.06,1.76,no,no,(NOT const=PP),((lemma=a AND (NOT const=PP)) OR lemma=.)
untrained,0.2,unit396,0.20001,4840,100,0.2392,0.2518,0.1846,0.1391,0,0,0,155,1243,1,94,821,0.14,1.76,no,no,((dep=punct AND lemma=.) OR lemma=a),((lemma=a AND (NOT const=PP)) OR lemma=.)
untrained,0.2,unit396,0.20001,4840,200,0.2392,0.2518,0.1846,0.1391,0,0,0,244,1243,1,191,821,0.3,1.76,no,no,((lemma=a OR synset=angstrom.n.01) OR lemma=.),((lemma=a AND (NOT const=PP)) OR lemma=.)
untrained,0.2,unit510,0.20001,4840,5,0.2508,0.2713,0.2,0.3307,0,0,0,47,681,1,8,350,0.01,0.52,no,no,((const=VP AND tag=NN) OR lemma=.),((tag=NN OR dep=nsubj) OR lemma=.)
untrained,0.2,unit510,0.20001,4840,10,0.2389,0.2713,0.1662,0.3307,0,0,0,52,681,1,14,350,0.01,0.52,no,no,(dep=punct OR dep=nsubj),((tag=NN OR dep=nsubj) OR lemma=.)
untrained,0.2,unit510,0.20001,4840,25,0.2549,0.2713,0.166,0.3307,0,0,0,67,681,1,29,350,0.02,0.52,no,no,((tag=NN AND dep=pobj) OR lemma=.),((tag=NN OR dep=nsubj) OR lemma=.)
untrained,0.2,unit510,0.20001,4840,50,0.2652,0.2713,0.3041,0.3307,0,0,0,92,681,1,88,350,0.06,0.52,no,no,((dep=punct AND lemma=.) OR tag=NN),((tag=NN OR dep=nsubj) OR lemma=.)
untrained,0.2,unit510,0.20001,4840,100,0.2652,0.2713,0.3041,0.3307,0,0,0,139,681,1,160,350,0.14,0.52,no,no,((dep=punct AND lemma=.) OR tag=NN),((tag=NN OR dep=nsubj) OR lemma=.)
untrained,0.2,unit510,0.20001,4840,200,0.2713,0.2713,0.3307,0.3307,1,1,1,239,681,1,128,350,0.21,0.52,no,no,((tag=NN OR dep=nsubj) OR lemma=.),((tag=NN OR dep=nsubj) OR lemma=.)
untrained,0.1,unit88,0.1,2420,5,0.1081,0.1353,0.2292,0.2118,0,0,0,47,1363,1,2,1127,0.01,1.92,no,no,((const=NP OR const=VP) AND tag=NN),((const=PP AND (NOT tag=DT)) AND (NOT dep=prep))
untrained,0.1,unit88,0.1,2420,10,0.1081,0.1353,0.2292,0.2118,0,0,0,52,1363,1,8,1127,0.01,1.92,no,no,((const=NP OR const=VP) AND tag=NN),((const=PP AND (NOT tag=DT)) AND (NOT dep=prep))
untrained,0.1,unit88,0.1,2420,25,0.1084,0.1353,0.5249,0.2118,0,0,0,71,1363,1,11,1127,0.02,1.92,no,no,(const=PP OR tag=NN),((const=PP AND (NOT tag=DT)) AND (NOT dep=prep))
untrained,0.1,unit88,0.1,2420,50,0.1102,0.1353,0.5689,0.2118,0,0,0,99,1363,1,33,1127,0.05,1.92,no,no,((dep=punct AND (NOT lemma=.)) OR const=VP),((const=PP AND (NOT tag=DT)) AND (NOT dep=prep))
untrained,0.1,unit88,0.1,2420,100,0.1108,0.1353,0.5608,0.2118,0,0,0,149,1363,1,51,1127,0.1,1.92,no,no,((lemma=. AND (NOT dep=punct)) OR const=VP),((const=PP AND (NOT tag=DT)) AND (NOT dep=prep))
untrained,0.1,unit88,0.1,2420,200,0.1353,0.1353,0.2118,0.2118,1,1,1,251,1363,1,366,1127,0.38,1.92,no,no,((const=PP AND (NOT tag=DT)) AND (NOT dep=prep)),((const=PP AND (NOT tag=DT)) AND (NOT dep=prep))
untrained,0.1,unit92,0.09996,2419,5,0.1235,0.1947,0.4392,0.1924,0,0,0,40,614,1,3,334,0.01,0.46,no,no,(NOT const=VP),((tag=NN AND (NOT const=VP)) OR dep=punct)
untrained,0.1,unit92,0.09996,2419,10,0.1903,0.1947,0.1854,0.1924,0,0,0,44,614,1,9,334,0.01,0.46,no,no,((tag=NN OR dep=punct) AND (NOT const=VP)),((tag=NN AND (NOT const=VP)) OR dep=punct)
untrained,0.1,unit92,0.09996,2419,25,0.1816,0.1947,0.1396,0.1924,0,0,0,59,614,1,7,334,0.02,0.46,no,no,((tag=NN AND dep=nsubj) OR dep=punct),((tag=NN AND (NOT const=VP)) OR dep=punct)
untrained,0.1,unit92,0.09996,2419,50,0.1947,0.1947,0.1924,0.1924,1,1,1,86,614,1,54,334,0.05,0.46,no,no,((tag=NN AND (NOT const=VP)) OR dep=punct),((tag=NN AND (NOT const=VP)) OR dep=punct)
untrained,0.1,unit92,0.09996,2419,100,0.1947,0.1947,0.1924,0.1924,1,1,1,136,614,1,92,334,0.09,0.46,no,no,((tag=NN AND (NOT const=VP)) OR dep=punct),((tag=NN AND (NOT const=VP)) OR dep=punct)
untrained,0.1,unit92,0.09996,2419,200,0.1947,0.1947,0.1924,0.1924,1,1,1,238,614,1,149,334,0.2,0.46,no,no,((tag=NN AND (NOT const=VP)) OR dep=punct),((tag=NN AND (NOT const=VP)) OR dep=punct)
untrained,0.1,unit396,0.1,2420,5,0.1047,0.1486,0.6649,0.1772,0,0,0,46,1155,1,6,519,0.01,0.99,no,no,(const=VP OR tag=NN),((tag=NN AND (NOT const=VP)) OR lemma=.)
untrained,0.1,unit396,0.1,2420,10,0.096,0.1486,0.1935,0.1772,0,0,0,54,1155,1,10,519,0.01,0.99,no,no,((const=PP AND tag=IN) OR dep=nsubj),((tag=NN AND (NOT const=VP)) OR lemma=.)
untrained,0.1,unit396,0.1,2420,25,0.13,0.1486,0.151,0.1772,0,0,0,69,1155,1,32,519,0.02,0.99,no,no,((dep=punct AND lemma=.) OR dep=nsubj),((tag=NN AND (NOT const=VP)) OR lemma=.)
untrained,0.1,unit396,0.1,2420,50,0.1486,0.1486,0.1772,0.1772,1,1,1,94,1155,1,51,519,0.05,0.99,no,no,((tag=NN AND (NOT const=VP)) OR lemma=.),((tag=NN AND (NOT const=VP)) OR lemma=.)
untrained,0.1,unit396,0.1,2420,100,0.1486,0.1486,0.1772,0.1772,1,1,1,144,1155,1,98,519,0.12,0.99,no,no,((tag=NN AND (NOT const=VP)) OR lemma=.),((tag=NN AND (NOT const=VP)) OR lemma=.)
untrained,0.1,unit396,0.1,2420,200,0.1486,0.1486,0.1772,0.1772,1,1,1,243,1155,1,132,519,0.24,0.99,no,no,((tag=NN AND (NOT const=VP)) OR lemma=.),((tag=NN AND (NOT const=VP)) OR lemma=.)
untrained,0.1,unit413,0.09996,2419,5,-1.0,0.1444,,0.383,0,0,0,47,1647,1,0,817,0.01,1.6,no,no,,((const=VP AND (NOT tag=NN)) AND (NOT lemma=a))
untrained,0.1,unit413,0.09996,2419,10,0.091,0.1444,0.1328,0.383,0,0,0,52,1647,1,2,817,0.01,1.6,no,no,(tag=IN OR dep=prep),((const=VP AND (NOT tag=NN)) AND (NOT lemma=a))
untrained,0.1,unit413,0.09996,2419,25,0.0979,0.1444,0.2953,0.383,0,0,0,69,1647,1,2,817,0.02,1.6,no,no,((tag=DT OR dep=det) OR tag=IN),((const=VP AND (NOT tag=NN)) AND (NOT lemma=a))
untrained,0.1,unit413,0.09996,2419,50,0.1332,0.1444,0.2923,0.383,0,0,0,101,1647,1,48,817,0.05,1.6,no,no,((const=VP AND (NOT const=NP)) OR tag=IN),((const=VP AND (NOT tag=NN)) AND (NOT lemma=a))
untrained,0.1,unit413,0.09996,2419,100,0.1332,0.1444,0.2923,0.383,0,0,0,151,1647,1,90,817,0.11,1.6,no,no,((const=VP AND (NOT const=NP)) OR tag=IN),((const=VP AND (NOT tag=NN)) AND (NOT lemma=a))
untrained,0.1,unit413,0.09996,2419,200,0.1368,0.1444,0.5344,0.383,0,0,0,251,1647,1,154,817,0.25,1.6,no,no,((const=VP OR tag=DT) AND (NOT lemma=a)),((const=VP AND (NOT tag=NN)) AND (NOT lemma=a))
untrained,0.1,unit510,0.1,2420,5,0.1525,0.1544,0.1851,0.1036,0,0,0,40,936,1,4,579,0.01,0.88,no,no,((const=NP AND dep=pobj) OR lemma=.),((dep=pobj AND (NOT const=VP)) OR lemma=.)
untrained,0.1,unit510,0.1,2420,10,0.1494,0.1544,0.166,0.1036,0,0,0,42,936,1,11,579,0.01,0.88,no,no,((tag=NN AND dep=pobj) OR lemma=.),((dep=pobj AND (NOT const=VP)) OR lemma=.)
untrained,0.1,unit510,0.1,2420,25,0.152,0.1544,0.1938,0.1036,0,0,0,62,936,1,28,579,0.02,0.88,no,no,((dep=punct AND lemma=.) OR dep=pobj),((dep=pobj AND (NOT const=VP)) OR lemma=.)
untrained,0.1,unit510,0.1,2420,50,0.1534,0.1544,0.187,0.1036,0,0,0,92,936,1,66,579,0.05,0.88,no,no,((const=PP AND tag=NN) OR lemma=.),((dep=pobj AND (NOT const=VP)) OR lemma=.)
untrained,0.1,unit510,0.1,2420,100,0.1544,0.1544,0.1036,0.1036,1,1,1,142,936,1,91,579,0.12,0.88,no,no,((dep=pobj AND (NOT const=VP)) OR lemma=.),((dep=pobj AND (NOT const=VP)) OR lemma=.)
untrained,0.1,unit510,0.1,2420,200,0.1544,0.1544,0.1036,0.1036,1,1,1,242,936,1,142,579,0.25,0.88,no,no,((dep=pobj AND (NOT const=VP)) OR lemma=.),((dep=pobj AND (NOT const=VP)) OR lemma=.)
untrained,0.05,unit88,0.04992,1208,5,0.0631,0.0919,0.2238,0.2118,0,0,0,37,877,1,4,663,0.01,1.06,no,no,((const=NP OR const=PP) AND tag=NN),((const=PP AND (NOT tag=DT)) AND (NOT dep=prep))
untrained,0.05,unit88,0.04992,1208,10,0.0763,0.0919,0.1541,0.2118,0,0,0,42,877,1,8,663,0.01,1.06,no,no,((const=VP OR const=PP) AND tag=NN),((const=PP AND (NOT tag=DT)) AND (NOT dep=prep))
untrained,0.05,unit88,0.04992,1208,25,0.0763,0.0919,0.1541,0.2118,0,0,0,73,877,1,10,663,0.02,1.06,no,no,((const=VP OR const=PP) AND tag=NN),((const=PP AND (NOT tag=DT)) AND (NOT dep=prep))
untrained,0.05,unit88,0.04992,1208,50,0.0762,0.0919,0.4402,0.2118,0,0,0,98,877,1,26,663,0.05,1.06,no,no,((const=NP AND (NOT dep=det)) AND (NOT tag=IN)),((const=PP AND (NOT tag=DT)) AND (NOT dep=prep))
untrained,0.05,unit88,0.04992,1208,100,0.0919,0.0919,0.2118,0.2118,1,1,1,148,877,1,140,663,0.12,1.06,no,no,((const=PP AND (NOT tag=DT)) AND (NOT dep=prep)),((const=PP AND (NOT tag=DT)) AND (NOT dep=prep))
untrained,0.05,unit88,0.04992,1208,200,0.0919,0.0919,0.2118,0.2118,1,1,1,248,877,1,222,663,0.25,1.06,no,no,((const=PP AND (NOT tag=DT)) AND (NOT dep=prep)),((const=PP AND (NOT tag=DT)) AND (NOT dep=prep))
untrained,0.05,unit92,0.05,1210,5,-1.0,0.1167,,0.1022,0,0,0,40,692,1,0,579,0.01,0.88,no,no,,((const=NP AND (NOT const=VP)) AND tag=NN)
untrained,0.05,unit92,0.05,1210,10,0.1099,0.1167,0.0514,0.1022,0,0,0,40,692,1,4,579,0.01,0.88,no,no,(tag=NN AND dep=nsubj),((const=NP AND (NOT const=VP)) AND tag=NN)
untrained,0.05,unit92,0.05,1210,25,0.1082,0.1167,0.1854,0.1022,0,0,0,55,692,1,11,579,0.02,0.88,no,no,((tag=NN OR dep=punct) AND (NOT const=VP)),((const=NP AND (NOT const=VP)) AND tag=NN)
untrained,0.05,unit92,0.05,1210,50,0.1167,0.1167,0.1022,0.1022,1,1,1,86,692,1,45,579,0.05,0.88,no,no,((const=NP AND (NOT const=VP)) AND tag=NN),((const=NP AND (NOT const=VP)) AND tag=NN)
untrained,0.05,unit92,0.05,1210,100,0.1167,0.1167,0.1022,0.1022,1,1,1,136,692,1,149,579,0.12,0.88,no,no,((const=NP AND (NOT const=VP)) AND tag=NN),((const=NP AND (NOT const=VP)) AND tag=NN)
untrained,0.05,unit92,0.05,1210,200,0.1167,0.1167,0.1022,0.1022,1,1,1,231,692,1,257,579,0.27,0.88,no,no,((const=NP AND (NOT const=VP)) AND tag=NN),((const=NP AND (NOT const=VP)) AND tag=NN)
untrained,0.05,unit396,0.04992,1208,5,-1.0,0.0755,,0.3017,0,0,0,50,1816,1,0,1162,0.01,3.11,no,no,,((const=VP AND (NOT const=NP)) OR lemma=.)
untrained,0.05,unit396,0.04992,1208,10,0.0683,0.0755,0.0735,0.3017,0,0,0,55,1816,1,8,1162,0.01,3.11,no,no,((const=PP AND dep=ROOT) OR lemma=.),((const=VP AND (NOT const=NP)) OR lemma=.)
untrained,0.05,unit396,0.04992,1208,25,-1.0,0.0755,,0.3017,0,0,0,70,1816,1,0,1162,0.02,3.11,no,no,,((const=VP AND (NOT const=NP)) OR lemma=.)
untrained,0.05,unit396,0.04992,1208,50,0.0752,0.0755,0.1037,0.3017,0,0,0,93,1816,1,60,1162,0.06,3.11,no,no,((tag=IN AND (NOT const=VP)) OR lemma=.),((const=VP AND (NOT const=NP)) OR lemma=.)
untrained,0.05,unit396,0.04992,1208,100,0.0752,0.0755,0.1037,0.3017,0,0,0,143,1816,1,97,1162,0.12,3.11,no,no,((tag=IN AND (NOT const=VP)) OR lemma=.),((const=VP AND (NOT const=NP)) OR lemma=.)
untrained,0.05,unit396,0.04992,1208,200,0.0752,0.0755,0.1037,0.3017,0,0,0,243,1816,1,295,1162,0.41,3.11,no,no,((tag=IN AND (NOT const=VP)) OR lemma=.),((const=VP AND (NOT const=NP)) OR lemma=.)
untrained,0.05,unit413,0.05,1210,5,0.0624,0.1038,0.1598,0.1627,0,0,0,43,1463,1,8,631,0.01,1.25,no,no,((const=PP AND tag=DT) OR dep=ROOT),((const=VP AND (NOT const=NP)) AND (NOT const=PP))
untrained,0.05,unit413,0.05,1210,10,0.0792,0.1038,0.1948,0.1627,0,0,0,48,1463,1,12,631,0.01,1.25,no,no,((const=VP AND dep=ROOT) OR tag=IN),((const=VP AND (NOT const=NP)) AND (NOT const=PP))
untrained,0.05,unit413,0.05,1210,25,0.0581,0.1038,0.3053,0.1627,0,0,0,67,1463,1,2,631,0.02,1.25,no,no,((const=PP OR tag=IN) AND const=VP),((const=VP AND (NOT const=NP)) AND (NOT const=PP))
untrained,0.05,unit413,0.05,1210,50,0.0954,0.1038,0.0937,0.1627,0,0,0,98,1463,1,75,631,0.06,1.25,no,no,((tag=IN AND (NOT const=PP)) OR dep=ROOT),((const=VP AND (NOT const=NP)) AND (NOT const=PP))
untrained,0.05,unit413,0.05,1210,100,0.0954,0.1038,0.0937,0.1627,0,0,0,148,1463,1,146,631,0.14,1.25,no,no,((tag=IN AND (NOT const=PP)) OR dep=ROOT),((const=VP AND (NOT const=NP)) AND (NOT const=PP))
untrained,0.05,unit413,0.05,1210,200,0.0954,0.1038,0.0937,0.1627,0,0,0,248,1463,1,192,631,0.3,1.25,no,no,((tag=IN AND (NOT const=PP)) OR dep=ROOT),((const=VP AND (NOT const=NP)) AND (NOT const=PP))
untrained,0.05,unit510,0.04715,1141,5,-1.0,0.0734,,0.2074,0,0,0,46,1463,1,0,1178,0.01,2.5,no,no,,((tag=NN AND (NOT dep=nsubj)) OR dep=pobj)
untrained,0.05,unit510,0.04715,1141,10,-1.0,0.0734,,0.2074,0,0,0,51,1463,1,0,1178,0.01,2.5,no,no,,((tag=NN AND (NOT dep=nsubj)) OR dep=pobj)
untrained,0.05,unit510,0.04715,1141,25,-1.0,0.0734,,0.2074,0,0,0,67,1463,1,0,1178,0.02,2.5,no,no,,((tag=NN AND (NOT dep=nsubj)) OR dep=pobj)
untrained,0.05,unit510,0.04715,1141,50,0.0659,0.0734,0.2364,0.2074,0,0,0,93,1463,1,40,1178,0.06,2.5,no,no,((tag=NN AND (NOT const=PP)) OR dep=pobj),((tag=NN AND (NOT dep=nsubj)) OR dep=pobj)
untrained,0.05,unit510,0.04715,1141,100,0.0659,0.0734,0.128,0.2074,0,0,0,143,1463,1,116,1178,0.13,2.5,no,no,((tag=NN AND (NOT const=NP)) OR dep=pobj),((tag=NN AND (NOT dep=nsubj)) OR dep=pobj)
untrained,0.05,unit510,0.04715,1141,200,0.0712,0.0734,0.1749,0.2074,0,0,0,243,1463,1,296,1178,0.36,2.5,no,no,((const=VP AND tag=NN) OR dep=pobj),((tag=NN AND (NOT dep=nsubj)) OR dep=pobj)
